<?xml version="1.0" encoding="UTF-8"?>
<project-private xmlns="http://www.netbeans.org/ns/project-private/1">
    <editor-bookmarks xmlns="http://www.netbeans.org/ns/editor-bookmarks/2" lastBookmarkId="0"/>
    <open-files xmlns="http://www.netbeans.org/ns/projectui-open-files/2">
        <group>
            <file>file:/E:/Semestre%202/Plataforma%20de%20trading%20algoritmíco%20-%20PI/src/plataforma/de/trading/algoritmíco/pi/InserirInvestimento.java</file>
            <file>file:/E:/Semestre%202/Plataforma%20de%20trading%20algoritmíco%20-%20PI/src/plataforma/de/trading/algoritmíco/pi/ControleDeInvestimento.java</file>
        </group>
    </open-files>
</project-private>
